{
  "tag": "full",
  "horizon": 2,
  "variant": "csa",
  "n_test": 61,
  "observed_da": 44.26229508196721,
  "sliding_mean": 47.604166666666664,
  "sliding_std": 16.091903950740463,
  "sliding_below50_pct": 50.0,
  "permutation_p": 0.8485,
  "permutation_null_mean": 49.80737704918033,
  "walkforward_mean": 45.0,
  "walkforward_std": 31.224989991991993,
  "walkforward_below50_pct": 33.33333333333333
}