tag,horizon,variant,n_test,observed_da,sliding_mean,sliding_std,sliding_below50_pct,permutation_p,permutation_null_mean,walkforward_mean,walkforward_std,walkforward_below50_pct
full,1,csa,62,57.377049180327866,61.12156043190525,5.974733644135912,3.0303030303030303,0.159,50.06065573770492,56.05263157894737,6.641804981117873,0.0
full,2,csa,61,44.26229508196721,47.604166666666664,16.091903950740463,50.0,0.8485,49.80737704918033,45.0,31.224989991991993,33.33333333333333
cpo_hmm,3,csa,64,50.0,58.0,5.374838498865698,5.714285714285714,0.5475,50.0703125,50.0,18.027756377319946,66.66666666666666
cpo_only,4,csa,63,60.317460317460316,64.11764705882354,3.2884681203758754,0.0,0.07,50.12380952380953,61.666666666666664,17.559422921421234,33.33333333333333
cpo_hmm,5,csa,62,59.67741935483871,64.44444444444444,4.7628967220784,0.0,0.081,50.221774193548384,60.0,20.0,33.33333333333333
cpo_hmm,6,csa,61,65.0,68.23635057471265,8.536886419341926,0.0,0.011,50.11583333333333,60.78947368421052,13.832696422054132,33.33333333333333
cpo_hmm,7,csa,60,71.66666666666667,76.88172043010753,10.781860070093996,0.0,0.0015,49.92666666666666,71.66666666666667,17.55942292142123,0.0
